[
  {
    "id": "1",
    "title": "movie1",
    "director": "A",
    "year": "20XX",
    "desc": "Description of movie 1"
  },
  {
    "id": "2",
    "title": "movie2",
    "director": "B",
    "year": "20XX",
    "desc": "Description of movie 2"
  },
  {
    "id": "3",
    "title": "movie3",
    "director": "C",
    "year": "20XX",
    "desc": "Description of movie 3"
  },
  {
    "id": "4",
    "title": "movie4",
    "director": "D",
    "year": "20XX",
    "desc": "Description of movie 4"
  },
  {
    "id": "5",
    "title": "movie5",
    "director": "E",
    "year": "2003",
    "desc": "desc"
  }
]